{"stats":{"minecraft:custom":{"minecraft:jump":60,"minecraft:time_since_rest":2288,"minecraft:leave_game":1,"minecraft:damage_dealt":50,"minecraft:crouch_one_cm":650,"minecraft:sprint_one_cm":3772,"minecraft:play_time":2288,"minecraft:time_since_death":2288,"minecraft:walk_one_cm":5605,"minecraft:sneak_time":187,"minecraft:total_world_time":2288,"minecraft:mob_kills":1,"minecraft:fall_one_cm":838,"minecraft:fly_one_cm":2974},"minecraft:crafted":{"minecraft:oak_planks":8},"minecraft:picked_up":{"minecraft:oak_log":2,"minecraft:feather":2,"minecraft:chicken":1},"minecraft:mined":{"minecraft:oak_log":2},"minecraft:killed":{"minecraft:chicken":1}},"DataVersion":3120}